time_s,phase,target_rad,position_rad,velocity_rad_s,position_error_rad,present_load_raw,present_load_signed_ratio,sample_duration_ms,deadline_missed
0.003007429999343003,settle,-0.010236535202312784,-0.010236535202312784,0.0,0.0,1032,-0.007820136852394917,3.0110790012258803,0
0.00999714300087362,settle,-0.010236535202312784,-0.010236535202312784,0.0,0.0,1032,-0.007820136852394917,1.6026879984565312,0
0.01900152599955618,settle,-0.010236535202312784,-0.010236535202312784,0.0,0.0,1032,-0.007820136852394917,2.278762000059942,0
0.02699724000012793,settle,-0.010236535202312784,-0.015354802803469177,-0.6401263978164301,0.005118267601156393,1032,-0.007820136852394917,1.9426319995545782,0
0.03499743700012914,settle,-0.010236535202312784,-0.010236535202312784,0.6397676958649419,0.0,1032,-0.007820136852394917,1.6098350006359397,0
0.04399585600003775,settle,-0.010236535202312784,-0.010236535202312784,0.0,0.0,1032,-0.007820136852394917,2.275281000038376,0
0.05199657100092736,settle,-0.010236535202312784,-0.010236535202312784,0.0,0.0,1032,-0.007820136852394917,1.939836000019568,0
0.05999541500023042,settle,-0.010236535202312784,-0.010236535202312784,0.0,0.0,1032,-0.007820136852394917,1.6080019995570183,0
0.0689923350000754,settle,-0.010236535202312784,-0.010236535202312784,0.0,0.0,1032,-0.007820136852394917,2.270744000270497,0
0.07699273499929404,settle,-0.010236535202312784,-0.010236535202312784,0.0,0.0,1032,-0.007820136852394917,1.9380590001674136,0
0.08499270900028932,settle,-0.010236535202312784,-0.010236535202312784,0.0,0.0,1032,-0.007820136852394917,1.604465000127675,0
0.09399357300026168,settle,-0.010236535202312784,-0.015354802803469177,-0.5686418105164254,0.005118267601156393,1032,-0.007820136852394917,2.272817999255494,0
0.10198958399996627,settle,-0.010236535202312784,-0.010236535202312784,0.6401026213377499,0.0,1032,-0.007820136852394917,1.9355029999132967,0
0.10999085399998876,settle,-0.010236535202312784,-0.015354802803469177,-0.6396819006410244,0.005118267601156393,1032,-0.007820136852394917,1.6027430010581156,0
0.11899197700040531,settle,-0.010236535202312784,-0.015354802803469177,0.0,0.005118267601156393,0,0.0,2.2712070003763074,0
0.12698959999943327,settle,-0.010236535202312784,-0.015354802803469177,0.0,0.005118267601156393,0,0.0,1.9350950005900813,0
0.13498851800068223,settle,-0.010236535202312784,-0.015354802803469177,0.0,0.005118267601156393,0,0.0,1.601205998667865,0
0.1439882150007179,settle,-0.010236535202312784,-0.015354802803469177,0.0,0.005118267601156393,0,0.0,2.2672809991490794,0
0.1519894489993021,settle,-0.010236535202312784,-0.015354802803469177,0.0,0.005118267601156393,0,0.0,1.935243999469094,0
0.15998673700050858,settle,-0.010236535202312784,-0.015354802803469177,0.0,0.005118267601156393,0,0.0,1.599261000592378,0
0.1689869349993387,settle,-0.010236535202312784,-0.015354802803469177,0.0,0.005118267601156393,0,0.0,2.266428999064374,0
0.17698702000052435,settle,-0.010236535202312784,-0.015354802803469177,0.0,0.005118267601156393,0,0.0,1.9323359992995393,0
0.18498875300065265,settle,-0.010236535202312784,-0.015354802803469177,0.0,0.005118267601156393,0,0.0,1.6007239992177347,0
0.19398795099914423,settle,-0.010236535202312784,-0.015354802803469177,0.0,0.005118267601156393,0,0.0,2.2664099997200537,0
0.2019851839995681,settle,-0.010236535202312784,-0.015354802803469177,0.0,0.005118267601156393,0,0.0,1.9313180000608554,0
0.2099856759996328,settle,-0.010236535202312784,-0.015354802803469177,0.0,0.005118267601156393,0,0.0,1.5982429995347047,0
0.21898607699949935,settle,-0.010236535202312784,-0.015354802803469177,0.0,0.005118267601156393,0,0.0,2.26492899855657,0
0.22698832900096022,settle,-0.010236535202312784,-0.015354802803469177,0.0,0.005118267601156393,0,0.0,1.9343550011399202,0
0.23498663600003056,settle,-0.010236535202312784,-0.015354802803469177,0.0,0.005118267601156393,0,0.0,1.5995579997252207,0
0.24398433399983332,settle,-0.010236535202312784,-0.015354802803469177,0.0,0.005118267601156393,0,0.0,2.263743999719736,0
0.2519842889996653,settle,-0.010236535202312784,-0.015354802803469177,0.0,0.005118267601156393,0,0.0,1.9302060009067645,0
0.2599797260008927,settle,-0.010236535202312784,-0.015354802803469177,0.0,0.005118267601156393,0,0.0,1.5922980001050746,0
0.2689816830006748,settle,-0.010236535202312784,-0.015354802803469177,0.0,0.005118267601156393,0,0.0,2.2609289990214165,0
0.2769819719997031,settle,-0.010236535202312784,-0.015354802803469177,0.0,0.005118267601156393,0,0.0,1.9272429999546148,0
0.28498283400040236,settle,-0.010236535202312784,-0.015354802803469177,0.0,0.005118267601156393,0,0.0,1.593539998793858,0
0.29397969899946474,settle,-0.010236535202312784,-0.015354802803469177,0.0,0.005118267601156393,0,0.0,2.257095999084413,0
0.3019803580009466,settle,-0.010236535202312784,-0.015354802803469177,0.0,0.005118267601156393,0,0.0,1.9261870002083015,0
0.3099798319999536,settle,-0.010236535202312784,-0.015354802803469177,0.0,0.005118267601156393,0,0.0,1.5923540013318416,0
0.31898580699999,settle,-0.010236535202312784,-0.015354802803469177,0.0,0.005118267601156393,0,0.0,2.26526299957186,0
0.326982966000287,settle,-0.010236535202312784,-0.015354802803469177,0.0,0.005118267601156393,0,0.0,1.9288549992779735,0
0.33498286599933635,settle,-0.010236535202312784,-0.015354802803469177,0.0,0.005118267601156393,0,0.0,1.5955389990267577,0
0.34397945199998503,settle,-0.010236535202312784,-0.015354802803469177,0.0,0.005118267601156393,0,0.0,2.2582430010515964,0
0.3519794629992248,settle,-0.010236535202312784,-0.015354802803469177,0.0,0.005118267601156393,0,0.0,1.9254660001024604,0
0.35998019600083353,settle,-0.010236535202312784,-0.015354802803469177,0.0,0.005118267601156393,0,0.0,1.5930210010992596,0
0.3689800230004039,settle,-0.010236535202312784,-0.015354802803469177,0.0,0.005118267601156393,0,0.0,2.2590770004171645,0
0.3769803489994956,settle,-0.010236535202312784,-0.010236535202312784,0.639757380103944,0.0,0,0.0,1.9265400005679112,0
0.384981842000343,settle,-0.010236535202312784,-0.015354802803469177,-0.6396640727692119,0.005118267601156393,8,0.007820136852394917,1.593706001585815,0
0.39398165000056906,settle,-0.010236535202312784,-0.015354802803469177,0.0,0.005118267601156393,8,0.007820136852394917,2.2611330005020136,0
0.40198201299972425,settle,-0.010236535202312784,-0.015354802803469177,0.0,0.005118267601156393,8,0.007820136852394917,1.9283729998278432,0
0.40998213499915437,settle,-0.010236535202312784,-0.015354802803469177,0.0,0.005118267601156393,8,0.007820136852394917,1.5949839998938842,0
0.4189867770001001,settle,-0.010236535202312784,-0.015354802803469177,0.0,0.005118267601156393,8,0.007820136852394917,2.2661879993393086,0
0.42698719600048207,settle,-0.010236535202312784,-0.015354802803469177,0.0,0.005118267601156393,8,0.007820136852394917,1.93326199951116,0
0.4349876510004833,settle,-0.010236535202312784,-0.015354802803469177,0.0,0.005118267601156393,8,0.007820136852394917,1.6004279987100745,0
0.4439847190005821,settle,-0.010236535202312784,-0.015354802803469177,0.0,0.005118267601156393,8,0.007820136852394917,2.263872998810257,0
0.4519845630002237,settle,-0.010236535202312784,-0.015354802803469177,0.0,0.005118267601156393,8,0.007820136852394917,1.9305210007587448,0
0.4599847959998442,settle,-0.010236535202312784,-0.015354802803469177,0.0,0.005118267601156393,8,0.007820136852394917,1.5974279995134566,0
0.46898482700089517,settle,-0.010236535202312784,-0.015354802803469177,0.0,0.005118267601156393,8,0.007820136852394917,2.264225000544684,0
0.4769851529999869,settle,-0.010236535202312784,-0.015354802803469177,0.0,0.005118267601156393,8,0.007820136852394917,1.9305400001030648,0
0.4849857749995863,settle,-0.010236535202312784,-0.015354802803469177,0.0,0.005118267601156393,8,0.007820136852394917,1.5975209989846917,0
0.4939859910009545,settle,-0.010236535202312784,-0.015354802803469177,0.0,0.005118267601156393,8,0.007820136852394917,2.2648550002486445,0
0.5019868350009347,settle,-0.010236535202312784,-0.015354802803469177,0.0,0.005118267601156393,8,0.007820136852394917,1.9330579998495523,0
0.5099690130009549,settle,-0.010236535202312784,-0.015354802803469177,0.0,0.005118267601156393,1032,-0.007820136852394917,1.58118799845397,0
0.5189690440001868,settle,-0.010236535202312784,-0.015354802803469177,0.0,0.005118267601156393,1032,-0.007820136852394917,2.2482809999928577,0
0.5269676839998283,settle,-0.010236535202312784,-0.015354802803469177,0.0,0.005118267601156393,1032,-0.007820136852394917,1.9137250001222128,0
0.5349694169999566,settle,-0.010236535202312784,-0.015354802803469177,0.0,0.005118267601156393,1032,-0.007820136852394917,1.5820950011402601,0
0.543966688999717,settle,-0.010236535202312784,-0.015354802803469177,0.0,0.005118267601156393,1032,-0.007820136852394917,2.2455029993579956,0
0.5519692559992109,settle,-0.010236535202312784,-0.015354802803469177,0.0,0.005118267601156393,1032,-0.007820136852394917,1.9153729990648571,0
0.5599672290009039,settle,-0.010236535202312784,-0.015354802803469177,0.0,0.005118267601156393,1032,-0.007820136852394917,1.579910000145901,0
0.5689651310003683,settle,-0.010236535202312784,-0.015354802803469177,0.0,0.005118267601156393,1032,-0.007820136852394917,2.2445209997385973,0
0.5769667709992063,settle,-0.010236535202312784,-0.015354802803469177,0.0,0.005118267601156393,1032,-0.007820136852394917,1.9120950000797166,0
0.5849649120009417,settle,-0.010236535202312784,-0.015354802803469177,0.0,0.005118267601156393,1032,-0.007820136852394917,1.5769470010127407,0
0.5939663869994547,settle,-0.010236535202312784,-0.015354802803469177,0.0,0.005118267601156393,1032,-0.007820136852394917,2.2445949998655124,0
0.6019656940006826,settle,-0.010236535202312784,-0.015354802803469177,0.0,0.005118267601156393,1032,-0.007820136852394917,1.9112249992758734,0
0.609966149999309,settle,-0.010236535202312784,-0.015354802803469177,0.0,0.005118267601156393,1032,-0.007820136852394917,1.5789280005265027,0
0.6189641809996829,settle,-0.010236535202312784,-0.015354802803469177,0.0,0.005118267601156393,1032,-0.007820136852394917,2.2436700000980636,0
0.6269637290006358,settle,-0.010236535202312784,-0.015354802803469177,0.0,0.005118267601156393,1032,-0.007820136852394917,1.9096319992968347,0
0.6349621650006156,settle,-0.010236535202312784,-0.015354802803469177,0.0,0.005118267601156393,1032,-0.007820136852394917,1.5748910009278916,0
0.6439641220003978,settle,-0.010236535202312784,-0.015354802803469177,0.0,0.005118267601156393,0,0.0,2.2413179995055543,0
0.6519628370006103,settle,-0.010236535202312784,-0.015354802803469177,0.0,0.005118267601156393,0,0.0,1.9085949988948414,0
0.6599606630006747,settle,-0.010236535202312784,-0.015354802803469177,0.0,0.005118267601156393,0,0.0,1.573483999891323,0
0.668961692999801,settle,-0.010236535202312784,-0.015354802803469177,0.0,0.005118267601156393,0,0.0,2.241133001007256,0
0.6769588709994423,settle,-0.010236535202312784,-0.015354802803469177,0.0,0.005118267601156393,0,0.0,1.9042799995077075,0
0.6849611779998668,settle,-0.010236535202312784,-0.015354802803469177,0.0,0.005118267601156393,0,0.0,1.5732430001662578,0
0.6939591350001137,settle,-0.010236535202312784,-0.015354802803469177,0.0,0.005118267601156393,0,0.0,2.237910000985721,0
0.7019580350006436,settle,-0.010236535202312784,-0.015354802803469177,0.0,0.005118267601156393,0,0.0,1.9038549999095267,0
0.7099573609993968,settle,-0.010236535202312784,-0.015354802803469177,0.0,0.005118267601156393,0,0.0,1.570242000525468,0
0.7189595769996231,settle,-0.010236535202312784,-0.015354802803469177,0.0,0.005118267601156393,0,0.0,2.239022000139812,0
0.7269586250004068,settle,-0.010236535202312784,-0.015354802803469177,0.0,0.005118267601156393,0,0.0,1.904909999211668,0
0.7349562649997097,settle,-0.010236535202312784,-0.015354802803469177,0.0,0.005118267601156393,0,0.0,1.5672059998905752,0
0.743957443999534,settle,-0.010236535202312784,-0.015354802803469177,0.0,0.005118267601156393,0,0.0,2.236744001493207,0
0.7529561970004579,positive,0.07702992739740369,-0.015354802803469177,0.0,0.09238473020087287,0,0.0,2.902745000028517,0
0.759960224999304,positive,0.07702992739740369,-0.010236535202312784,0.730760585480182,0.08726646259971647,0,0.0,1.5699289997428423,0
0.7689558300007775,positive,0.07702992739740369,0.0,1.137948498253989,0.07702992739740369,0,0.0,2.232651000667829,0
0.7769570450000174,positive,0.07702992739740369,0.015354802803469177,1.9190588935465263,0.06167512459393451,1216,-0.187683284457478,1.8978549996973015,0
0.7849563710005896,positive,0.07702992739740369,0.02559133800578196,1.2796747127921246,0.05143858939162173,1216,-0.187683284457478,1.5666319995943923,0
0.793955883000308,positive,0.07702992739740369,0.030709605606938355,0.5687272378009564,0.04632032179046534,1216,-0.187683284457478,2.2329100011120318,0
0.8019541159992514,positive,0.07702992739740369,0.035827873208094746,0.6399247936178556,0.041202054189308945,1216,-0.187683284457478,1.899707000120543,0
0.8099529419996543,positive,0.07702992739740369,0.04094614080925114,0.6398773521137446,0.036083786588152554,1216,-0.187683284457478,1.5651869998691836,0
0.8189544729993941,positive,0.07702992739740369,0.04606440841040753,0.5685996750224331,0.030965518986996163,1216,-0.187683284457478,2.2337259997584624,0
0.8269527619995642,positive,0.07702992739740369,0.04606440841040753,0.0,0.030965518986996163,1216,-0.187683284457478,1.8975020011566812,0
0.8349534760000097,positive,0.07702992739740369,0.04606440841040753,0.0,0.030965518986996163,1216,-0.187683284457478,1.5658350002922816,0
0.8439517480001086,positive,0.07702992739740369,0.04606440841040753,0.0,0.030965518986996163,1216,-0.187683284457478,2.2311520006041974,0
0.8519495550008287,positive,0.07702992739740369,0.04606440841040753,0.0,0.030965518986996163,1216,-0.187683284457478,1.8955019986606203,0
0.8599513810004282,positive,0.07702992739740369,0.04606440841040753,0.0,0.030965518986996163,1216,-0.187683284457478,1.5642990001651924,0
0.8689495039998292,positive,0.07702992739740369,0.04606440841040753,0.0,0.030965518986996163,1216,-0.187683284457478,2.2288549989752937,0
0.8769499779991747,positive,0.07702992739740369,0.04606440841040753,0.0,0.030965518986996163,1216,-0.187683284457478,1.8953360013256315,0
0.884948823000741,positive,0.07702992739740369,0.04606440841040753,0.0,0.030965518986996163,1216,-0.187683284457478,1.5608350004185922,0
0.8939497419996769,positive,0.07702992739740369,0.04606440841040753,0.0,0.030965518986996163,1216,-0.187683284457478,2.228409999588621,0
0.9019474750002701,positive,0.07702992739740369,0.04606440841040753,0.0,0.030965518986996163,1216,-0.187683284457478,1.8936139986180933,0
0.9099474489994464,positive,0.07702992739740369,0.05118267601156392,0.6397855295133945,0.02584725138583977,1056,-0.03128054740957967,1.5580759991280502,0
0.9189482019992283,positive,0.07702992739740369,0.05118267601156392,0.0,0.02584725138583977,1056,-0.03128054740957967,2.2275960000115447,0
0.9269492500006891,positive,0.07702992739740369,0.05118267601156392,0.0,0.02584725138583977,1056,-0.03128054740957967,1.8953729995700996,0
0.934947910000119,positive,0.07702992739740369,0.05630094361272031,0.6398906318709837,0.02072898378468338,1056,-0.03128054740957967,1.5607059995090822,0
0.9439466629992239,positive,0.07702992739740369,0.05630094361272031,0.0,0.02072898378468338,1056,-0.03128054740957967,2.2261329995671986,0
0.9519470070008538,positive,0.07702992739740369,0.05630094361272031,0.0,0.02072898378468338,1056,-0.03128054740957967,1.8931140002678148,0
0.9599455179995857,positive,0.07702992739740369,0.06141921121387671,0.6399025521084899,0.015610716183526982,1056,-0.03128054740957967,1.5581499992549652,0
0.9689466780000657,positive,0.07702992739740369,0.06141921121387671,0.0,0.015610716183526982,1056,-0.03128054740957967,2.2260589994402835,0
0.9769445229994744,positive,0.07702992739740369,0.06141921121387671,0.0,0.015610716183526982,1056,-0.03128054740957967,1.8899469996540574,0
0.9849493109995819,positive,0.07702992739740369,0.06141921121387671,0.0,0.015610716183526982,1056,-0.03128054740957967,1.5613909999956377,0
0.9939474719994905,positive,0.07702992739740369,0.06141921121387671,0.0,0.015610716183526982,1056,-0.03128054740957967,2.216725999460323,0
1.0019505569998728,positive,0.07702992739740369,0.06141921121387671,0.0,0.015610716183526982,1056,-0.03128054740957967,1.88413199975912,0
1.009942086000592,positive,0.07702992739740369,0.06141921121387671,0.0,0.015610716183526982,1056,-0.03128054740957967,1.5511499987042043,0
1.0189404499997181,positive,0.07702992739740369,0.06141921121387671,0.0,0.015610716183526982,1056,-0.03128054740957967,2.2198360002221307,0
1.0269418499992753,positive,0.07702992739740369,0.06141921121387671,0.0,0.015610716183526982,1056,-0.03128054740957967,1.8883360007748706,0
1.0349414909996995,positive,0.07702992739740369,0.06141921121387671,0.0,0.015610716183526982,1048,-0.02346041055718475,1.5528169988101581,0
1.0439406509995024,positive,0.07702992739740369,0.06141921121387671,0.0,0.015610716183526982,1048,-0.02346041055718475,2.219428999524098,0
1.0519411440000113,positive,0.07702992739740369,0.06141921121387671,0.0,0.015610716183526982,1048,-0.02346041055718475,1.8870209987653652,0
1.0599417100002029,positive,0.07702992739740369,0.06141921121387671,0.0,0.015610716183526982,1048,-0.02346041055718475,1.5543160006927792,0
1.068939834000048,positive,0.07702992739740369,0.06141921121387671,0.0,0.015610716183526982,1048,-0.02346041055718475,2.219485000750865,0
1.0769384560007893,positive,0.07702992739740369,0.06141921121387671,0.0,0.015610716183526982,1048,-0.02346041055718475,1.8815950006683124,0
1.0849402069998177,positive,0.07702992739740369,0.06141921121387671,0.0,0.015610716183526982,1048,-0.02346041055718475,1.5519099997618468,0
1.0939403680004034,positive,0.07702992739740369,0.06141921121387671,0.0,0.015610716183526982,1048,-0.02346041055718475,2.219114001491107,0
1.1019390080000449,positive,0.07702992739740369,0.06141921121387671,0.0,0.015610716183526982,1048,-0.02346041055718475,1.8850400010705926,0
1.1099371860000247,positive,0.07702992739740369,0.06141921121387671,0.0,0.015610716183526982,1048,-0.02346041055718475,1.5499090004595928,0
1.1189382720003778,positive,0.07702992739740369,0.06141921121387671,0.0,0.015610716183526982,1048,-0.02346041055718475,2.217818000644911,0
1.1269370610007172,positive,0.07702992739740369,0.06141921121387671,0.0,0.015610716183526982,1048,-0.02346041055718475,1.883038999949349,0
1.1349345350008662,positive,0.07702992739740369,0.06141921121387671,0.0,0.015610716183526982,1048,-0.02346041055718475,1.5471690003323602,0
1.1439355839993368,positive,0.07702992739740369,0.06141921121387671,0.0,0.015610716183526982,1048,-0.02346041055718475,2.214947000538814,0
1.1519366140000784,positive,0.07702992739740369,0.06141921121387671,0.0,0.015610716183526982,1048,-0.02346041055718475,1.8826510004146257,0
1.1599357550003333,positive,0.07702992739740369,0.06141921121387671,0.0,0.015610716183526982,1048,-0.02346041055718475,1.5484830000787042,0
1.1689335259998188,positive,0.07702992739740369,0.06141921121387671,0.0,0.015610716183526982,1072,-0.0469208211143695,2.2129469998617424,0
1.1769334069995239,positive,0.07702992739740369,0.06141921121387671,0.0,0.015610716183526982,1072,-0.0469208211143695,1.8788550005410798,0
1.1849337330004346,positive,0.07702992739740369,0.06141921121387671,0.0,0.015610716183526982,1072,-0.0469208211143695,1.545594001072459,0
1.1939345419996243,positive,0.07702992739740369,0.06141921121387671,0.0,0.015610716183526982,1072,-0.0469208211143695,2.2134470000310102,0
1.2019320529998367,positive,0.07702992739740369,0.06141921121387671,0.0,0.015610716183526982,1072,-0.0469208211143695,1.8780770005832892,0
1.209931396999309,positive,0.07702992739740369,0.06141921121387671,0.0,0.015610716183526982,1072,-0.0469208211143695,1.5442250005435199,0
1.2189327979995142,positive,0.07702992739740369,0.06141921121387671,0.0,0.015610716183526982,1072,-0.0469208211143695,2.2122800000943244,0
1.2269296049998957,positive,0.07702992739740369,0.06141921121387671,0.0,0.015610716183526982,1072,-0.0469208211143695,1.875742998890928,0
1.2349293759998545,positive,0.07702992739740369,0.06141921121387671,0.0,0.015610716183526982,1072,-0.0469208211143695,1.5422430005855858,0
1.243930647000525,positive,0.07702992739740369,0.06141921121387671,0.0,0.015610716183526982,1072,-0.0469208211143695,2.2093730003689416,0
1.2519306209997012,positive,0.07702992739740369,0.06141921121387671,0.0,0.015610716183526982,1072,-0.0469208211143695,1.8768179998005508,0
1.260928003999652,positive,0.07702992739740369,0.06141921121387671,0.0,0.015610716183526982,1072,-0.0469208211143695,2.5404480002180208,0
1.268928126000901,positive,0.07702992739740369,0.06141921121387671,0.0,0.015610716183526982,1072,-0.0469208211143695,2.207650999480393,0
1.2769286919992737,positive,0.07702992739740369,0.06141921121387671,0.0,0.015610716183526982,1072,-0.0469208211143695,1.8741320000117412,0
1.2849297590000788,positive,0.07702992739740369,0.06141921121387671,0.0,0.015610716183526982,1072,-0.0469208211143695,1.5403170000354294,0
1.2939292709997972,positive,0.07702992739740369,0.06141921121387671,0.0,0.015610716183526982,1072,-0.0469208211143695,2.206669998486177,0
1.301927448999777,positive,0.07702992739740369,0.06141921121387671,0.0,0.015610716183526982,1072,-0.0469208211143695,1.8730960000539199,0
1.3099275339991436,positive,0.07702992739740369,0.06141921121387671,0.0,0.015610716183526982,1072,-0.0469208211143695,1.5395949994854163,0
1.3189285280004697,positive,0.07702992739740369,0.06141921121387671,0.0,0.015610716183526982,1072,-0.0469208211143695,2.208058998803608,0
1.3269280389995401,positive,0.07702992739740369,0.06141921121387671,0.0,0.015610716183526982,1072,-0.0469208211143695,1.8743910004559439,0
1.33492536400081,positive,0.07702992739740369,0.06141921121387671,0.0,0.015610716183526982,1072,-0.0469208211143695,1.5381510002043797,0
1.3439273399999365,positive,0.07702992739740369,0.06141921121387671,0.0,0.015610716183526982,1072,-0.0469208211143695,2.2067990012146765,0
1.3519253510003182,positive,0.07702992739740369,0.06141921121387671,0.0,0.015610716183526982,1072,-0.0469208211143695,1.871131998996134,0
1.359923768999579,positive,0.07702992739740369,0.06141921121387671,0.0,0.015610716183526982,1072,-0.0469208211143695,1.5363539987447439,0
1.3689236699992762,positive,0.07702992739740369,0.06141921121387671,0.0,0.015610716183526982,1072,-0.0469208211143695,2.2030589989299187,0
1.3769237739998061,positive,0.07702992739740369,0.06141921121387671,0.0,0.015610716183526982,1072,-0.0469208211143695,1.869298999736202,0
1.3849241370007803,positive,0.07702992739740369,0.06141921121387671,0.0,0.015610716183526982,1072,-0.0469208211143695,1.5360939996753586,0
1.393921278999187,positive,0.07702992739740369,0.06141921121387671,0.0,0.015610716183526982,1072,-0.0469208211143695,2.199799999289098,0
1.4019212889998016,positive,0.07702992739740369,0.06141921121387671,0.0,0.015610716183526982,1072,-0.0469208211143695,1.8674840011954075,0
1.4099220040006912,positive,0.07702992739740369,0.06141921121387671,0.0,0.015610716183526982,1072,-0.0469208211143695,1.5348540000559296,0
1.418923127999733,positive,0.07702992739740369,0.06141921121387671,0.0,0.015610716183526982,1072,-0.0469208211143695,2.2025770012987778,0
1.426919972000178,positive,0.07702992739740369,0.06141921121387671,0.0,0.015610716183526982,1072,-0.0469208211143695,1.8661140002222965,0
1.4349201490003907,positive,0.07702992739740369,0.06141921121387671,0.0,0.015610716183526982,1072,-0.0469208211143695,1.5331129998230608,0
1.443920216999686,positive,0.07702992739740369,0.06141921121387671,0.0,0.015610716183526982,1072,-0.0469208211143695,2.1978919994580792,0
1.4519205800006603,positive,0.07702992739740369,0.06141921121387671,0.0,0.015610716183526982,1072,-0.0469208211143695,1.8663909995666472,0
1.4599174989998573,positive,0.07702992739740369,0.06141921121387671,0.0,0.015610716183526982,1072,-0.0469208211143695,1.5303719992516562,0
1.4689180660006969,positive,0.07702992739740369,0.06141921121387671,0.0,0.015610716183526982,1072,-0.0469208211143695,2.1975030012981733,0
1.4769190400002117,positive,0.07702992739740369,0.06141921121387671,0.0,0.015610716183526982,1072,-0.0469208211143695,1.8644840001798002,0
1.4849188290008897,positive,0.07702992739740369,0.06141921121387671,0.0,0.015610716183526982,1072,-0.0469208211143695,1.5309829996112967,0
1.4939158039996983,positive,0.07702992739740369,0.06141921121387671,0.0,0.015610716183526982,1072,-0.0469208211143695,2.1946890010440256,0
1.5019164820005244,positive,0.07702992739740369,0.06141921121387671,0.0,0.015610716183526982,1072,-0.0469208211143695,1.8625949996931013,0
1.5099164370003564,positive,0.07702992739740369,0.06141921121387671,0.0,0.015610716183526982,1072,-0.0469208211143695,1.5290209994418547,0
1.5189171349993558,positive,0.07702992739740369,0.06141921121387671,0.0,0.015610716183526982,1072,-0.0469208211143695,2.19663300049433,0
1.5269146089995047,positive,0.07702992739740369,0.06141921121387671,0.0,0.015610716183526982,1072,-0.0469208211143695,1.8607239999255398,0
1.5359152510009153,positive,0.07702992739740369,0.06141921121387671,0.0,0.015610716183526982,1072,-0.0469208211143695,2.5277999993704725,0
1.5439149840003665,positive,0.07702992739740369,0.06141921121387671,0.0,0.015610716183526982,1072,-0.0469208211143695,2.194355000028736,0
1.5519154949997755,positive,0.07702992739740369,0.06141921121387671,0.0,0.015610716183526982,1072,-0.0469208211143695,1.861705999544938,0
1.5599120240003685,positive,0.07702992739740369,0.06141921121387671,0.0,0.015610716183526982,1072,-0.0469208211143695,1.5247980009007733,0
1.5689134250005736,positive,0.07702992739740369,0.06141921121387671,0.0,0.015610716183526982,1072,-0.0469208211143695,2.1926320005150046,0
1.5769138989999192,positive,0.07702992739740369,0.06141921121387671,0.0,0.015610716183526982,1072,-0.0469208211143695,1.8572429999039741,0
1.5849137990007875,positive,0.07702992739740369,0.06141921121387671,0.0,0.015610716183526982,1072,-0.0469208211143695,1.524964998679934,0
1.5939144780004426,positive,0.07702992739740369,0.06141921121387671,0.0,0.015610716183526982,1072,-0.0469208211143695,2.1938919999229256,0
1.6019152480002958,positive,0.07702992739740369,0.06141921121387671,0.0,0.015610716183526982,1072,-0.0469208211143695,1.86103899977752,0
1.6099148329994932,positive,0.07702992739740369,0.06141921121387671,0.0,0.015610716183526982,1072,-0.0469208211143695,1.527445998362964,0
1.6189153830000578,positive,0.07702992739740369,0.06141921121387671,0.0,0.015610716183526982,1072,-0.0469208211143695,2.194669999880716,0
1.6269158009999956,positive,0.07702992739740369,0.06141921121387671,0.0,0.015610716183526982,1072,-0.0469208211143695,1.8618550002429402,0
1.634916107999743,positive,0.07702992739740369,0.06141921121387671,0.0,0.015610716183526982,1072,-0.0469208211143695,1.5291320014512166,0
1.6439166580003075,positive,0.07702992739740369,0.06141921121387671,0.0,0.015610716183526982,1072,-0.0469208211143695,2.1948359990346944,0
1.6519169460007106,positive,0.07702992739740369,0.06141921121387671,0.0,0.015610716183526982,1072,-0.0469208211143695,1.862798999354709,0
1.6599172349997389,positive,0.07702992739740369,0.06141921121387671,0.0,0.015610716183526982,1072,-0.0469208211143695,1.530039000499528,0
1.6689196360002825,positive,0.07702992739740369,0.06141921121387671,0.0,0.015610716183526982,1072,-0.0469208211143695,2.198002999648452,0
1.6769195359993319,positive,0.07702992739740369,0.06141921121387671,0.0,0.015610716183526982,1072,-0.0469208211143695,1.8627980007295264,0
1.6849192139998195,positive,0.07702992739740369,0.06141921121387671,0.0,0.015610716183526982,1072,-0.0469208211143695,1.5316509998228867,0
1.6939191710007435,positive,0.07702992739740369,0.06141921121387671,0.0,0.015610716183526982,1072,-0.0469208211143695,2.197947998865857,0
1.7019180330007657,positive,0.07702992739740369,0.06141921121387671,0.0,0.015610716183526982,1072,-0.0469208211143695,1.8639659992913948,0
1.7099205440008518,positive,0.07702992739740369,0.06141921121387671,0.0,0.015610716183526982,1072,-0.0469208211143695,1.5332990005845204,0
1.7189202970002952,positive,0.07702992739740369,0.06141921121387671,0.0,0.015610716183526982,1072,-0.0469208211143695,2.199650998591096,0
1.7269207339995774,positive,0.07702992739740369,0.06141921121387671,0.0,0.015610716183526982,1072,-0.0469208211143695,1.8667069998627994,0
1.735921543000586,positive,0.07702992739740369,0.06141921121387671,0.0,0.015610716183526982,1072,-0.0469208211143695,2.532503000111319,0
1.743921794999551,positive,0.07702992739740369,0.06141921121387671,0.0,0.015610716183526982,1072,-0.0469208211143695,2.1999290001986083,0
1.751922306000779,positive,0.07702992739740369,0.06141921121387671,0.0,0.015610716183526982,1072,-0.0469208211143695,1.8679469994822284,0
1.7599038909993396,positive,0.07702992739740369,0.06141921121387671,0.0,0.015610716183526982,1072,-0.0469208211143695,1.516446000096039,0
1.7689033839997137,positive,0.07702992739740369,0.06141921121387671,0.0,0.015610716183526982,1072,-0.0469208211143695,2.180780998969567,0
1.7769017289992917,positive,0.07702992739740369,0.06141921121387671,0.0,0.015610716183526982,1072,-0.0469208211143695,1.8467980007699225,0
1.7849034060000122,positive,0.07702992739740369,0.06141921121387671,0.0,0.015610716183526982,1072,-0.0469208211143695,1.5150579984037904,0
1.793901029999688,positive,0.07702992739740369,0.06141921121387671,0.0,0.015610716183526982,1072,-0.0469208211143695,2.1786510005767923,0
1.8019020409992663,positive,0.07702992739740369,0.06141921121387671,0.0,0.015610716183526982,1072,-0.0469208211143695,1.847965999331791,0
1.8099000700003671,positive,0.07702992739740369,0.06141921121387671,0.0,0.015610716183526982,1072,-0.0469208211143695,1.5127610004128655,0
1.818900971000403,positive,0.07702992739740369,0.06141921121387671,0.0,0.015610716183526982,1072,-0.0469208211143695,2.180392000809661,0
1.8269003900004464,positive,0.07702992739740369,0.06141921121387671,0.0,0.015610716183526982,1072,-0.0469208211143695,1.8464280001353472,0
1.8348976409997704,positive,0.07702992739740369,0.06141921121387671,0.0,0.015610716183526982,1072,-0.0469208211143695,1.510262000010698,0
1.8438994320003985,positive,0.07702992739740369,0.06141921121387671,0.0,0.015610716183526982,1072,-0.0469208211143695,2.178724998884718,0
1.8518977019994054,positive,0.07702992739740369,0.06141921121387671,0.0,0.015610716183526982,1072,-0.0469208211143695,1.843706000727252,0
1.8598990270002105,positive,0.07702992739740369,0.06141921121387671,0.0,0.015610716183526982,1072,-0.0469208211143695,1.5117610000743298,0
1.8688966690006055,positive,0.07702992739740369,0.06141921121387671,0.0,0.015610716183526982,1072,-0.0469208211143695,2.176150999730453,0
1.8768982919991686,positive,0.07702992739740369,0.06141921121387671,0.0,0.015610716183526982,1072,-0.0469208211143695,1.844299000367755,0
1.884897173000354,positive,0.07702992739740369,0.06141921121387671,0.0,0.015610716183526982,1072,-0.0469208211143695,1.5091500008566072,0
1.8938961300009396,positive,0.07702992739740369,0.06141921121387671,0.0,0.015610716183526982,1072,-0.0469208211143695,2.174761999413022,0
1.9018971219993546,positive,0.07702992739740369,0.06141921121387671,0.0,0.015610716183526982,1072,-0.0469208211143695,1.8430019990773872,0
1.9098944289999054,positive,0.07702992739740369,0.06141921121387671,0.0,0.015610716183526982,1072,-0.0469208211143695,1.507020000644843,0
1.9188957379992644,positive,0.07702992739740369,0.06141921121387671,0.0,0.015610716183526982,1072,-0.0469208211143695,2.175133000491769,0
1.9268932489994768,positive,0.07702992739740369,0.06141921121387671,0.0,0.015610716183526982,1072,-0.0469208211143695,1.8391689991403837,0
1.9358957429994916,positive,0.07702992739740369,0.06141921121387671,0.0,0.015610716183526982,1072,-0.0469208211143695,2.5084660010179505,0
1.9438939020001271,positive,0.07702992739740369,0.06141921121387671,0.0,0.015610716183526982,1072,-0.0469208211143695,2.171762000216404,0
1.9518945239997265,positive,0.07702992739740369,0.06141921121387671,0.0,0.015610716183526982,1072,-0.0469208211143695,1.8403909998596646,0
1.959893072000341,positive,0.07702992739740369,0.06141921121387671,0.0,0.015610716183526982,1072,-0.0469208211143695,1.5057789987622527,0
1.9688909540000168,positive,0.07702992739740369,0.06141921121387671,0.0,0.015610716183526982,1072,-0.0469208211143695,2.170372999898973,0
1.9768914470005257,positive,0.07702992739740369,0.06141921121387671,0.0,0.015610716183526982,1072,-0.0469208211143695,1.8367619995842688,0
1.9848904209993634,positive,0.07702992739740369,0.06141921121387671,0.0,0.015610716183526982,1072,-0.0469208211143695,1.502483000876964,0
1.9938929330000974,positive,0.07702992739740369,0.06141921121387671,0.0,0.015610716183526982,1072,-0.0469208211143695,2.1710219989472535,0
2.0019118889995298,positive,0.07702992739740369,0.06141921121387671,0.0,0.015610716183526982,1072,-0.0469208211143695,1.8581320000521373,0
2.0108918269997957,positive,0.07702992739740369,0.06141921121387671,0.0,0.015610716183526982,1072,-0.0469208211143695,2.494837000995176,0
2.0188880410005368,positive,0.07702992739740369,0.06141921121387671,0.0,0.015610716183526982,1072,-0.0469208211143695,2.1644290009135148,0
2.0268894780001574,positive,0.07702992739740369,0.06141921121387671,0.0,0.015610716183526982,1072,-0.0469208211143695,1.835891000155243,0
2.034887859999799,positive,0.07702992739740369,0.06141921121387671,0.0,0.015610716183526982,1072,-0.0469208211143695,1.5010019997134805,0
2.0438874640003633,positive,0.07702992739740369,0.06141921121387671,0.0,0.015610716183526982,1072,-0.0469208211143695,2.1674290001101326,0
2.0518877529993915,positive,0.07702992739740369,0.06141921121387671,0.0,0.015610716183526982,1072,-0.0469208211143695,1.8336689990974264,0
2.0598870789999637,positive,0.07702992739740369,0.06141921121387671,0.0,0.015610716183526982,1072,-0.0469208211143695,1.499854000940104,0
2.068888109999534,positive,0.07702992739740369,0.06141921121387671,0.0,0.015610716183526982,1072,-0.0469208211143695,2.1674479994544527,0
2.0768860099997255,positive,0.07702992739740369,0.06141921121387671,0.0,0.015610716183526982,1072,-0.0469208211143695,1.8306320016563404,0
2.084886557999198,positive,0.07702992739740369,0.06141921121387671,0.0,0.015610716183526982,1072,-0.0469208211143695,1.4986500009399606,0
2.0938855879994662,positive,0.07702992739740369,0.06141921121387671,0.0,0.015610716183526982,1072,-0.0469208211143695,2.1699660010199295,0
2.1018833399994037,positive,0.07702992739740369,0.06141921121387671,0.0,0.015610716183526982,1072,-0.0469208211143695,1.8291319993295474,0
2.109884518000399,positive,0.07702992739740369,0.06141921121387671,0.0,0.015610716183526982,1072,-0.0469208211143695,1.4972430017223815,0
2.1188837150002655,positive,0.07702992739740369,0.06141921121387671,0.0,0.015610716183526982,1072,-0.0469208211143695,2.1630770006595412,0
2.1268840409993572,positive,0.07702992739740369,0.06141921121387671,0.0,0.015610716183526982,1072,-0.0469208211143695,1.8301689997315407,0
2.1358822389993293,positive,0.07702992739740369,0.06141921121387671,0.0,0.015610716183526982,1072,-0.0469208211143695,2.495040998837794,0
2.143882656999267,positive,0.07702992739740369,0.06141921121387671,0.0,0.015610716183526982,1072,-0.0469208211143695,2.1622439999191556,0
2.1518827969994163,positive,0.07702992739740369,0.06141921121387671,0.0,0.015610716183526982,1072,-0.0469208211143695,1.8288730007043341,0
2.159883030999481,positive,0.07702992739740369,0.06141921121387671,0.0,0.015610716183526982,1072,-0.0469208211143695,1.4957620005588979,0
2.1688807840000663,positive,0.07702992739740369,0.06141921121387671,0.0,0.015610716183526982,1072,-0.0469208211143695,2.1602619999612216,0
2.1768792389993905,positive,0.07702992739740369,0.06141921121387671,0.0,0.015610716183526982,1072,-0.0469208211143695,1.8243909999000607,0
2.1848818239996035,positive,0.07702992739740369,0.06141921121387671,0.0,0.015610716183526982,1072,-0.0469208211143695,1.4938910007913364,0
2.1938780960008444,positive,0.07702992739740369,0.06141921121387671,0.0,0.015610716183526982,1072,-0.0469208211143695,2.156503000151133,0
2.201880976999746,positive,0.07702992739740369,0.06141921121387671,0.0,0.015610716183526982,1072,-0.0469208211143695,1.8270760010636877,0
2.2108788040004583,positive,0.07702992739740369,0.06141921121387671,0.0,0.015610716183526982,1072,-0.0469208211143695,2.491485000064131,0
2.218879777999973,positive,0.07702992739740369,0.06141921121387671,0.0,0.015610716183526982,1072,-0.0469208211143695,2.159057999961078,0
2.226878289000524,positive,0.07702992739740369,0.06141921121387671,0.0,0.015610716183526982,1072,-0.0469208211143695,1.8244470011268277,0
2.23487694799951,positive,0.07702992739740369,0.06141921121387671,0.0,0.015610716183526982,1072,-0.0469208211143695,1.4872239989927039,0
2.2438869969992083,positive,0.07702992739740369,0.06141921121387671,0.0,0.015610716183526982,1072,-0.0469208211143695,2.1643550007865997,0
2.2528867130004073,center,-0.010236535202312784,0.06141921121387671,0.0,-0.07165574641618949,1072,-0.0469208211143695,2.831985999364406,0
2.2598876119991473,center,-0.010236535202312784,0.05630094361272031,-0.7310871935272254,-0.0665374788150331,1072,-0.0469208211143695,1.493871999628027,0
2.2688847350000287,center,-0.010236535202312784,0.04606440841040753,-1.1377565029743355,-0.05630094361272031,1072,-0.0469208211143695,2.160447000278509,0
2.2768863389992475,center,-0.010236535202312784,0.035827873208094746,-1.2793103986790895,-0.04606440841040753,1072,-0.0469208211143695,1.8277430008311057,0
2.2858845360005944,center,-0.010236535202312784,0.02047307040462557,-1.7064310551514783,-0.030709605606938355,1072,-0.0469208211143695,2.491817998816259,0
2.2938851580001938,center,-0.010236535202312784,0.015354802803469177,-0.6397337108805635,-0.025591338005781963,1072,-0.0469208211143695,2.162114000384463,0
2.301882318000935,center,-0.010236535202312784,0.005118267601156392,-1.2800213077347609,-0.015354802803469177,1072,-0.0469208211143695,1.8250760003866162,0
2.309882440000365,center,-0.010236535202312784,0.0,-0.6397736936412952,-0.010236535202312784,1072,-0.0469208211143695,1.493223999204929,0
2.318882952000422,center,-0.010236535202312784,0.0,0.0,-0.010236535202312784,1072,-0.0469208211143695,2.160725000067032,0
2.3268809809997038,center,-0.010236535202312784,-0.005118267601156392,-0.6399411156943778,-0.005118267601156392,1072,-0.0469208211143695,1.8231700014439411,0
2.334881270000551,center,-0.010236535202312784,-0.005118267601156392,0.0,-0.005118267601156392,1072,-0.0469208211143695,1.4649839995399816,0
2.3438794489993597,center,-0.010236535202312784,-0.005118267601156392,0.0,-0.005118267601156392,1072,-0.0469208211143695,2.1570029985014116,0
2.3518825530009053,center,-0.010236535202312784,-0.005118267601156392,0.0,-0.005118267601156392,1080,-0.05474095796676442,1.8268919993715826,0
2.3598767120001867,center,-0.010236535202312784,-0.005118267601156392,0.0,-0.005118267601156392,1080,-0.05474095796676442,1.4876499990350567,0
2.3688768909996725,center,-0.010236535202312784,-0.005118267601156392,0.0,-0.005118267601156392,1080,-0.05474095796676442,2.154596000764286,0
2.376877142000012,center,-0.010236535202312784,-0.005118267601156392,0.0,-0.005118267601156392,1080,-0.05474095796676442,1.8205950000265148,0
2.384878098000627,center,-0.010236535202312784,-0.005118267601156392,0.0,-0.005118267601156392,1080,-0.05474095796676442,1.4884840002196142,0
2.3938778880001337,center,-0.010236535202312784,-0.010236535202312784,-0.5687096700519481,0.0,1080,-0.05474095796676442,2.153872999770101,0
2.401876436000748,center,-0.010236535202312784,-0.010236535202312784,0.0,0.0,1080,-0.05474095796676442,1.820705998397898,0
2.4108762819996628,center,-0.010236535202312784,-0.010236535202312784,0.0,0.0,1080,-0.05474095796676442,2.4876520001271274,0
2.418876570000066,center,-0.010236535202312784,-0.010236535202312784,0.0,0.0,1080,-0.05474095796676442,2.1545029994740617,0
2.4268772850009555,center,-0.010236535202312784,-0.010236535202312784,0.0,0.0,1080,-0.05474095796676442,1.8218910008727107,0
2.43487392499992,center,-0.010236535202312784,-0.010236535202312784,0.0,0.0,1080,-0.05474095796676442,1.484816999436589,0
2.443874364000294,center,-0.010236535202312784,-0.010236535202312784,0.0,0.0,1080,-0.05474095796676442,2.1521329999814043,0
2.451874393000253,center,-0.010236535202312784,-0.010236535202312784,0.0,0.0,1080,-0.05474095796676442,1.8188360008934978,0
2.459871867000402,center,-0.010236535202312784,-0.010236535202312784,0.0,0.0,1080,-0.05474095796676442,1.4826879996689968,0
2.4688702679995913,center,-0.010236535202312784,-0.010236535202312784,0.0,0.0,1080,-0.05474095796676442,2.1465949994308176,0
2.4768711310007347,center,-0.010236535202312784,-0.010236535202312784,0.0,0.0,1080,-0.05474095796676442,1.8155210000259103,0
2.485873420999269,center,-0.010236535202312784,-0.010236535202312784,0.0,0.0,1032,-0.007820136852394917,2.483800000845804,0
2.493872246999672,center,-0.010236535202312784,-0.010236535202312784,0.0,0.0,1032,-0.007820136852394917,2.149928999642725,0
2.501870461999715,center,-0.010236535202312784,-0.010236535202312784,0.0,0.0,1032,-0.007820136852394917,1.8153729997720802,0
2.5098709169997164,center,-0.010236535202312784,-0.010236535202312784,0.0,0.0,1032,-0.007820136852394917,1.481761999457376,0
2.5188728739994986,center,-0.010236535202312784,-0.010236535202312784,0.0,0.0,1032,-0.007820136852394917,2.1507990004465682,0
2.526870218000113,center,-0.010236535202312784,-0.010236535202312784,0.0,0.0,1032,-0.007820136852394917,1.8147249993489822,0
2.534868433000156,center,-0.010236535202312784,-0.010236535202312784,0.0,0.0,1032,-0.007820136852394917,1.4795389997743769,0
2.543869925999388,center,-0.010236535202312784,-0.010236535202312784,0.0,0.0,1032,-0.007820136852394917,2.1478730013768654,0
2.551869603999876,center,-0.010236535202312784,-0.010236535202312784,0.0,0.0,1032,-0.007820136852394917,1.8142620010621613,0
2.5598673000004055,center,-0.010236535202312784,-0.010236535202312784,0.0,0.0,1032,-0.007820136852394917,1.4786320007260656,0
2.568868016000124,center,-0.010236535202312784,-0.010236535202312784,0.0,0.0,1032,-0.007820136852394917,2.1460219995788066,0
2.576867711999512,center,-0.010236535202312784,-0.010236535202312784,0.0,0.0,1032,-0.007820136852394917,1.8084280000039143,0
2.5848667419995763,center,-0.010236535202312784,-0.010236535202312784,0.0,0.0,1032,-0.007820136852394917,1.4770950001548044,0
2.59386466199976,center,-0.010236535202312784,-0.010236535202312784,0.0,0.0,1032,-0.007820136852394917,2.141503000530065,0
2.601865653999994,center,-0.010236535202312784,-0.010236535202312784,0.0,0.0,1032,-0.007820136852394917,1.8102800004271558,0
2.6108666290001565,center,-0.010236535202312784,-0.010236535202312784,0.0,0.0,0,0.0,2.4780959993222496,0
2.6188671220006654,center,-0.010236535202312784,-0.010236535202312784,0.0,0.0,0,0.0,2.145077000022866,0
2.6268630400008988,center,-0.010236535202312784,-0.010236535202312784,0.0,0.0,0,0.0,1.8077059994539013,0
2.6348639210009424,center,-0.010236535202312784,-0.010236535202312784,0.0,0.0,0,0.0,1.4671690005343407,0
2.643864470999688,center,-0.010236535202312784,-0.010236535202312784,0.0,0.0,0,0.0,2.1410589997685747,0
2.651865462999922,center,-0.010236535202312784,-0.010236535202312784,0.0,0.0,0,0.0,1.8057800007227343,0
2.6598637890001555,center,-0.010236535202312784,-0.010236535202312784,0.0,0.0,0,0.0,1.4748529993084958,0
2.6688623009995354,center,-0.010236535202312784,-0.010236535202312784,0.0,0.0,0,0.0,2.139225000064471,0
2.6768625709992193,center,-0.010236535202312784,-0.010236535202312784,0.0,0.0,0,0.0,1.8060210004477995,0
2.6858594170007564,center,-0.010236535202312784,-0.010236535202312784,0.0,0.0,0,0.0,2.469725999617367,0
2.6938599099994462,center,-0.010236535202312784,-0.010236535202312784,0.0,0.0,0,0.0,2.136836999852676,0
2.701860495000801,center,-0.010236535202312784,-0.010236535202312784,0.0,0.0,0,0.0,1.8049289992632112,0
2.7098604130005697,center,-0.010236535202312784,-0.010236535202312784,0.0,0.0,0,0.0,1.4717239992023678,0
2.718857518000732,center,-0.010236535202312784,-0.010236535202312784,0.0,0.0,0,0.0,2.13552199966216,0
2.7268553440007963,center,-0.010236535202312784,-0.010236535202312784,0.0,0.0,0,0.0,1.7999470001086593,0
2.7348598730004596,center,-0.010236535202312784,-0.010236535202312784,0.0,0.0,0,0.0,1.4689279996673577,0
2.743858810999882,center,-0.010236535202312784,-0.010236535202312784,0.0,0.0,0,0.0,2.136039998731576,0
2.751854619000369,center,-0.010236535202312784,-0.010236535202312784,0.0,0.0,0,0.0,1.7992800003412412,0
2.7608623350006383,center,-0.010236535202312784,-0.010236535202312784,0.0,0.0,0,0.0,2.4735779988986906,0
2.7688592899994546,center,-0.010236535202312784,-0.010236535202312784,0.0,0.0,0,0.0,2.136409999366151,0
2.7768574120000267,center,-0.010236535202312784,-0.005118267601156392,0.6399336745288863,-0.005118267601156392,0,0.0,1.8010949988820357,0
2.7848540710001544,center,-0.010236535202312784,-0.010236535202312784,-0.6400507513293567,0.0,0,0.0,1.4633910013799323,0
2.7938581020007405,center,-0.010236535202312784,-0.010236535202312784,0.0,0.0,0,0.0,2.1356319994083606,0
2.8018554280006356,center,-0.010236535202312784,-0.010236535202312784,0.0,0.0,0,0.0,1.7985769991355482,0
2.8098550680006156,center,-0.010236535202312784,-0.010236535202312784,0.0,0.0,0,0.0,1.46624300032272,0
2.8188558210003976,center,-0.010236535202312784,-0.010236535202312784,0.0,0.0,0,0.0,2.133891000994481,0
2.826885888000106,center,-0.010236535202312784,-0.010236535202312784,0.0,0.0,0,0.0,1.8276689988852013,0
2.8358578080005827,center,-0.010236535202312784,-0.010236535202312784,0.0,0.0,0,0.0,2.463707000060822,0
2.843856744000732,center,-0.010236535202312784,-0.010236535202312784,0.0,0.0,0,0.0,2.133613999831141,0
2.8518563289999292,center,-0.010236535202312784,-0.010236535202312784,0.0,0.0,0,0.0,1.7996319984376896,0
2.8598587849992327,center,-0.010236535202312784,-0.010236535202312784,0.0,0.0,0,0.0,1.4709839997522067,0
2.8688577419998182,center,-0.010236535202312784,-0.010236535202312784,0.0,0.0,0,0.0,2.135539998562308,0
2.8768584379995445,center,-0.010236535202312784,-0.010236535202312784,0.0,0.0,0,0.0,1.8018350001511863,0
2.8858590239997284,center,-0.010236535202312784,-0.010236535202312784,0.0,0.0,0,0.0,2.4694479998288443,0
2.8938592939994123,center,-0.010236535202312784,-0.010236535202312784,0.0,0.0,0,0.0,2.136428998710471,0
2.9018621390005137,center,-0.010236535202312784,-0.010236535202312784,0.0,0.0,0,0.0,1.8067620003421325,0
2.9098602419999224,center,-0.010236535202312784,-0.010236535202312784,0.0,0.0,0,0.0,1.4717060003022198,0
2.918862643000466,center,-0.010236535202312784,-0.010236535202312784,0.0,0.0,0,0.0,2.1405030001915293,0
2.9268612100004248,center,-0.010236535202312784,-0.010236535202312784,0.0,0.0,0,0.0,1.8058169989672024,0
2.934860683999432,center,-0.010236535202312784,-0.010236535202312784,0.0,0.0,0,0.0,1.4718720012751874,0
2.943862510999679,center,-0.010236535202312784,-0.010236535202312784,0.0,0.0,0,0.0,2.1390029996837256,0
2.9518623919993843,center,-0.010236535202312784,-0.010236535202312784,0.0,0.0,0,0.0,1.806723999834503,0
2.9608629970007314,center,-0.010236535202312784,-0.010236535202312784,0.0,0.0,0,0.0,2.4744300008023856,0
2.9688451010006247,center,-0.010236535202312784,-0.010236535202312784,0.0,0.0,0,0.0,2.122799000062514,0
2.97686350100048,center,-0.010236535202312784,-0.010236535202312784,0.0,0.0,0,0.0,1.8070770001941128,0
2.984845363000204,center,-0.010236535202312784,-0.010236535202312784,0.0,0.0,0,0.0,1.4556870009982958,0
2.993846282999584,center,-0.010236535202312784,-0.010236535202312784,0.0,0.0,0,0.0,2.122576999681769,0
3.001845257000241,center,-0.010236535202312784,-0.010236535202312784,0.0,0.0,0,0.0,1.7897800007631304,0
3.0098453230002633,center,-0.010236535202312784,-0.010236535202312784,0.0,0.0,0,0.0,1.4570390012522694,0
3.018844521000574,center,-0.010236535202312784,-0.010236535202312784,0.0,0.0,0,0.0,2.121891000570031,0
3.0268441059997713,center,-0.010236535202312784,-0.010236535202312784,0.0,0.0,0,0.0,1.7887619997054571,0
3.0348487840001326,center,-0.010236535202312784,-0.010236535202312784,0.0,0.0,0,0.0,1.4593730011256412,0
3.043842388000485,center,-0.010236535202312784,-0.010236535202312784,0.0,0.0,0,0.0,2.119669999956386,0
3.0528456600004574,negative,-0.09750299780202926,-0.010236535202312784,0.0,-0.08726646259971647,0,0.0,2.7906150007765973,0
3.0598424100007833,negative,-0.09750299780202926,-0.010236535202312784,0.0,-0.08726646259971647,0,0.0,1.4501879995805211,0
3.0688398860002053,negative,-0.09750299780202926,-0.02047307040462557,-1.1377118653020422,-0.07702992739740369,0,0.0,2.117429001373239,0
3.076841971000249,negative,-0.09750299780202926,-0.035827873208094746,-1.9188502500767308,-0.06167512459393451,0,0.0,1.7849839987320593,0
3.084839130000546,negative,-0.09750299780202926,-0.04606440841040753,-1.280021467865359,-0.05143858939162173,0,0.0,1.4483169998129597,0
3.093839974999355,negative,-0.09750299780202926,-0.06141921121387671,-1.7059290328297918,-0.03608378658815255,0,0.0,2.1167430004425114,0
3.1018380050009,negative,-0.09750299780202926,-0.07165574641618949,-1.2798820710019088,-0.025847251385839765,0,0.0,1.782242999979644,0
3.1098392570002034,negative,-0.09750299780202926,-0.07677401401734588,-0.6396833397575805,-0.02072898378468338,0,0.0,1.4498349992209114,0
3.1188385280001967,negative,-0.09750299780202926,-0.07677401401734588,0.0,-0.02072898378468338,0,0.0,2.1163549990887986,0
3.12683553900024,negative,-0.09750299780202926,-0.08189228161850227,-0.64002257857702,-0.015610716183526982,0,0.0,1.7800199984776555,0
3.1348425870000938,negative,-0.09750299780202926,-0.08189228161850227,0.0,-0.015610716183526982,1048,-0.02346041055718475,1.452001999496133,0
3.1438359139992826,negative,-0.09750299780202926,-0.08701054921965867,-0.5691183698333252,-0.010492448582370584,1048,-0.02346041055718475,2.113020998876891,0
3.151836684000955,negative,-0.09750299780202926,-0.08701054921965867,0.0,-0.010492448582370584,1048,-0.02346041055718475,1.7812060013966402,0
3.1608338820005883,negative,-0.09750299780202926,-0.08701054921965867,0.0,-0.010492448582370584,1048,-0.02346041055718475,2.4450220007565804,0
3.168835634000061,negative,-0.09750299780202926,-0.08701054921965867,0.0,-0.010492448582370584,1048,-0.02346041055718475,2.113503000146011,0
3.176833606999935,negative,-0.09750299780202926,-0.09212881682081506,-0.6399455963701045,-0.005374180981214199,1048,-0.02346041055718475,1.7778909987100633,0
3.1848349329993653,negative,-0.09750299780202926,-0.09212881682081506,0.0,-0.005374180981214199,1048,-0.02346041055718475,1.44629900023574,0
3.193832871000268,negative,-0.09750299780202926,-0.09212881682081506,0.0,-0.005374180981214199,1048,-0.02346041055718475,2.1099099994899007,0
3.2018314380002266,negative,-0.09750299780202926,-0.09212881682081506,0.0,-0.005374180981214199,1048,-0.02346041055718475,1.7762250008672709,0
3.209835429999657,negative,-0.09750299780202926,-0.09724708442197146,-0.6394643574756848,-0.0002559133800578012,1048,-0.02346041055718475,1.446779000616516,0
3.2188298130004114,negative,-0.09750299780202926,-0.09724708442197146,0.0,-0.0002559133800578012,1048,-0.02346041055718475,2.108021000822191,0
3.226834045999567,negative,-0.09750299780202926,-0.09724708442197146,0.0,-0.0002559133800578012,1048,-0.02346041055718475,1.7786509997677058,0
3.235829281000406,negative,-0.09750299780202926,-0.09724708442197146,0.0,-0.0002559133800578012,1048,-0.02346041055718475,2.4403550014540087,0
3.2438311250007246,negative,-0.09750299780202926,-0.09724708442197146,0.0,-0.0002559133800578012,1048,-0.02346041055718475,2.109058999849367,0
3.2518300430001545,negative,-0.09750299780202926,-0.09724708442197146,0.0,-0.0002559133800578012,1048,-0.02346041055718475,1.7747239999152953,0
3.26083386999926,negative,-0.09750299780202926,-0.09724708442197146,0.0,-0.0002559133800578012,1048,-0.02346041055718475,2.444485000523855,0
3.2688301779999165,negative,-0.09750299780202926,-0.09724708442197146,0.0,-0.0002559133800578012,1048,-0.02346041055718475,2.1082620005472563,0
3.2768282069991983,negative,-0.09750299780202926,-0.09724708442197146,0.0,-0.0002559133800578012,1048,-0.02346041055718475,1.7717990012897644,0
3.2848316630006593,negative,-0.09750299780202926,-0.09724708442197146,0.0,-0.0002559133800578012,1048,-0.02346041055718475,1.4412979999178788,0
3.293841897000675,negative,-0.09750299780202926,-0.09724708442197146,0.0,-0.0002559133800578012,1048,-0.02346041055718475,2.118428999892785,0
3.3018316670004424,negative,-0.09750299780202926,-0.09724708442197146,0.0,-0.0002559133800578012,1048,-0.02346041055718475,1.7685950006125495,0
3.3098270669997873,negative,-0.09750299780202926,-0.09724708442197146,0.0,-0.0002559133800578012,1048,-0.02346041055718475,1.4380390002770582,0
3.318830412999887,negative,-0.09750299780202926,-0.09724708442197146,0.0,-0.0002559133800578012,1048,-0.02346041055718475,2.108299000610714,0
3.326827516000776,negative,-0.09750299780202926,-0.09724708442197146,0.0,-0.0002559133800578012,1048,-0.02346041055718475,1.7720949999784352,0
3.335830103000262,negative,-0.09750299780202926,-0.09724708442197146,0.0,-0.0002559133800578012,1048,-0.02346041055718475,2.4413920000370126,0
3.3438251139996282,negative,-0.09750299780202926,-0.09724708442197146,0.0,-0.0002559133800578012,1048,-0.02346041055718475,2.10040999991179,0
3.3518266800001584,negative,-0.09750299780202926,-0.09212881682081506,0.6396582370022674,-0.005374180981214199,1048,-0.02346041055718475,1.7715209996822523,0
3.360825637000744,negative,-0.09750299780202926,-0.09724708442197146,-0.5687623133240202,-0.0002559133800578012,1048,-0.02346041055718475,2.4370219998672837,0
3.3688237780006602,negative,-0.09750299780202926,-0.09724708442197146,0.0,-0.0002559133800578012,1048,-0.02346041055718475,2.101780000884901,0
3.376826011000958,negative,-0.09750299780202926,-0.09724708442197146,0.0,-0.0002559133800578012,1048,-0.02346041055718475,1.7695399983495008,0
3.384822948000874,negative,-0.09750299780202926,-0.09724708442197146,0.0,-0.0002559133800578012,1048,-0.02346041055718475,1.4342060003400547,0
3.3938269410009525,negative,-0.09750299780202926,-0.09212881682081506,0.5684442003799632,-0.005374180981214199,1048,-0.02346041055718475,2.104094999594963,0
3.401823026000784,negative,-0.09750299780202926,-0.09724708442197146,-0.64009669747936,-0.0002559133800578012,48,0.0469208211143695,1.767409999956726,0
3.4098209629992198,negative,-0.09750299780202926,-0.09724708442197146,0.0,-0.0002559133800578012,48,0.0469208211143695,1.4323169998533558,0
3.418822198000271,negative,-0.09750299780202926,-0.09724708442197146,0.0,-0.0002559133800578012,48,0.0469208211143695,2.1000220003770664,0
3.426819948999764,negative,-0.09750299780202926,-0.09724708442197146,0.0,-0.0002559133800578012,48,0.0469208211143695,1.7647429995122366,0
3.4358212949991866,negative,-0.09750299780202926,-0.09724708442197146,0.0,-0.0002559133800578012,48,0.0469208211143695,2.4326139991899254,0
3.4438204540001607,negative,-0.09750299780202926,-0.09724708442197146,0.0,-0.0002559133800578012,48,0.0469208211143695,2.09839200033457,0
3.451821724000183,negative,-0.09750299780202926,-0.09212881682081506,0.6396819006410249,-0.005374180981214199,48,0.0469208211143695,1.76609499976621,0
3.4598202720007976,negative,-0.09750299780202926,-0.09724708442197146,-0.6398995918713308,-0.0002559133800578012,48,0.0469208211143695,1.4315390017145546,0
3.4688180440007272,negative,-0.09750299780202926,-0.09724708442197146,0.0,-0.0002559133800578012,48,0.0469208211143695,2.0958360000804532,0
3.476819351000813,negative,-0.09750299780202926,-0.09724708442197146,0.0,-0.0002559133800578012,48,0.0469208211143695,1.7630950005695922,0
3.4858205860000453,negative,-0.09750299780202926,-0.09724708442197146,0.0,-0.0002559133800578012,48,0.0469208211143695,2.4312259993166663,0
3.4938181889992848,negative,-0.09750299780202926,-0.09724708442197146,0.0,-0.0002559133800578012,48,0.0469208211143695,2.095503001328325,0
3.501816256000893,negative,-0.09750299780202926,-0.09724708442197146,0.0,-0.0002559133800578012,48,0.0469208211143695,1.760965000357828,0
3.510817713000506,negative,-0.09750299780202926,-0.09724708442197146,0.0,-0.0002559133800578012,48,0.0469208211143695,2.4288369986606995,0
3.518818872000338,negative,-0.09750299780202926,-0.09724708442197146,0.0,-0.0002559133800578012,48,0.0469208211143695,2.0968730004824465,0
3.526819049000551,negative,-0.09750299780202926,-0.09212881682081506,0.6397692952318816,-0.005374180981214199,48,0.0469208211143695,1.764114000252448,0
3.5348154309995152,negative,-0.09750299780202926,-0.09724708442197146,-0.6400729232069313,-0.0002559133800578012,0,0.0,1.4269280000007711,0
3.5438159059995087,negative,-0.09750299780202926,-0.09724708442197146,0.0,-0.0002559133800578012,0,0.0,2.0906879999529338,0
3.5518154540004616,negative,-0.09750299780202926,-0.09724708442197146,0.0,-0.0002559133800578012,0,0.0,1.7600210012460593,0
3.5608126139995875,negative,-0.09750299780202926,-0.09724708442197146,0.0,-0.0002559133800578012,0,0.0,2.424114998575533,0
3.568813403000604,negative,-0.09750299780202926,-0.09724708442197146,0.0,-0.0002559133800578012,0,0.0,2.091446998747415,0
3.576814468999146,negative,-0.09750299780202926,-0.09724708442197146,0.0,-0.0002559133800578012,0,0.0,1.7585579989827238,0
3.5858142969991604,negative,-0.09750299780202926,-0.09724708442197146,0.0,-0.0002559133800578012,0,0.0,2.424651998808258,0
3.5938124189997325,negative,-0.09750299780202926,-0.09724708442197146,0.0,-0.0002559133800578012,0,0.0,2.089151001200662,0
3.601811856000495,negative,-0.09750299780202926,-0.09724708442197146,0.0,-0.0002559133800578012,0,0.0,1.7566500009706942,0
3.6108135350004886,negative,-0.09750299780202926,-0.09724708442197146,0.0,-0.0002559133800578012,0,0.0,2.424910999252461,0
3.6188121939994744,negative,-0.09750299780202926,-0.09212881682081506,0.6398907119062572,-0.005374180981214199,0,0.0,2.0902810010738904,0
3.626809797000533,negative,-0.09750299780202926,-0.09724708442197146,-0.639975202629965,-0.0002559133800578012,0,0.0,1.7545950013300171,0
3.6358099579992995,negative,-0.09750299780202926,-0.09724708442197146,0.0,-0.0002559133800578012,0,0.0,2.42131800041534,0
3.6438107279991527,negative,-0.09750299780202926,-0.09724708442197146,0.0,-0.0002559133800578012,0,0.0,2.0826330001000315,0
3.651813886999662,negative,-0.09750299780202926,-0.09212881682081506,0.6395309153336524,-0.005374180981214199,0,0.0,1.7577800008439226,0
3.659810490000382,negative,-0.09750299780202926,-0.09724708442197146,-0.6400552335404938,-0.0002559133800578012,0,0.0,1.4219650001905393,0
3.66880805800065,negative,-0.09750299780202926,-0.09212881682081506,0.5688501160540164,-0.005374180981214199,8,0.007820136852394917,2.0858360003330745,0
3.6768092540005455,negative,-0.09750299780202926,-0.09724708442197146,-0.6396878168242848,-0.0002559133800578012,8,0.007820136852394917,1.753132000885671,0
3.6848099880007794,negative,-0.09750299780202926,-0.09212881682081506,0.6397247553795371,-0.005374180981214199,8,0.007820136852394917,1.4205949992174283,0
3.6938058329997148,negative,-0.09750299780202926,-0.09724708442197146,-0.5689590696329403,-0.0002559133800578012,8,0.007820136852394917,2.0830959983868524,0
3.7018078439996316,negative,-0.09750299780202926,-0.09724708442197146,0.0,-0.0002559133800578012,8,0.007820136852394917,1.7526510000607232,0
3.710806875000344,negative,-0.09750299780202926,-0.09724708442197146,0.0,-0.0002559133800578012,8,0.007820136852394917,2.4184110006899573,0
3.7188085529996897,negative,-0.09750299780202926,-0.09212881682081506,0.6396492837595964,-0.005374180981214199,8,0.007820136852394917,2.0868550000159303,0
3.7268050269995,negative,-0.09750299780202926,-0.09724708442197146,-0.6400655590548724,-0.0002559133800578012,8,0.007820136852394917,1.749928000208456,0
3.7348079629991844,negative,-0.09750299780202926,-0.09724708442197146,0.0,-0.0002559133800578012,8,0.007820136852394917,1.4172249993862351,0
3.743808031000299,negative,-0.09750299780202926,-0.09724708442197146,0.0,-0.0002559133800578012,8,0.007820136852394917,2.080410999042215,0
3.751807339000152,negative,-0.09750299780202926,-0.09724708442197146,0.0,-0.0002559133800578012,8,0.007820136852394917,1.7515389990876429,0
3.760808258000907,negative,-0.09750299780202926,-0.09724708442197146,0.0,-0.0002559133800578012,8,0.007820136852394917,2.4192629989556735,0
3.768802880000294,negative,-0.09750299780202926,-0.09724708442197146,0.0,-0.0002559133800578012,8,0.007820136852394917,2.0800769998459145,0
3.776803242999449,negative,-0.09750299780202926,-0.09212881682081506,0.63975442135524,-0.005374180981214199,8,0.007820136852394917,1.7466869994677836,0
3.7848074579997046,negative,-0.09750299780202926,-0.09212881682081506,0.0,-0.005374180981214199,8,0.007820136852394917,1.4195199983078055,0
3.793802506999782,negative,-0.09750299780202926,-0.09724708442197146,-0.5690094185270529,-0.0002559133800578012,1032,-0.007820136852394917,2.078798999718856,0
3.8018026659992756,negative,-0.09750299780202926,-0.09724708442197146,0.0,-0.0002559133800578012,1032,-0.007820136852394917,1.7545760001667077,0
3.8098024549999536,negative,-0.09750299780202926,-0.09724708442197146,0.0,-0.0002559133800578012,1032,-0.007820136852394917,1.4108349987509428,0
3.818798837999566,negative,-0.09750299780202926,-0.09212881682081506,0.5689250448071184,-0.005374180981214199,1032,-0.007820136852394917,2.0765030003531137,0
3.826800329999969,negative,-0.09750299780202926,-0.09724708442197146,-0.6396641527478207,-0.0002559133800578012,1032,-0.007820136852394917,1.742076001391979,0
3.835801638999328,negative,-0.09750299780202926,-0.09212881682081506,0.5686136984655081,-0.005374180981214199,1032,-0.007820136852394917,2.4121330006892094,0
3.843801113000154,negative,-0.09750299780202926,-0.09724708442197146,-0.6398255186063352,-0.0002559133800578012,1032,-0.007820136852394917,2.078817999063176,0
3.8518012530003034,negative,-0.09750299780202926,-0.09724708442197146,0.0,-0.0002559133800578012,1032,-0.007820136852394917,1.7460029994254,0
3.860798228000931,negative,-0.09750299780202926,-0.09212881682081506,0.5688876095353583,-0.005374180981214199,1032,-0.007820136852394917,2.4094290001812624,0
3.8687988689998747,negative,-0.09750299780202926,-0.09724708442197146,-0.6397321916871588,-0.0002559133800578012,1032,-0.007820136852394917,2.0767810001416365,0
3.8767974719994527,negative,-0.09750299780202926,-0.09724708442197146,0.0,-0.0002559133800578012,1032,-0.007820136852394917,1.7412070010323077,0
3.8857973180001864,negative,-0.09750299780202926,-0.09724708442197146,0.0,-0.0002559133800578012,1032,-0.007820136852394917,2.4079100003291387,0
3.8937961810006527,negative,-0.09750299780202926,-0.09724708442197146,0.0,-0.0002559133800578012,1032,-0.007820136852394917,2.0731320000777487,0
3.901796877000379,negative,-0.09750299780202926,-0.09212881682081506,0.6397277938483713,-0.005374180981214199,1032,-0.007820136852394917,1.7411130011169007,0
3.910797945000013,negative,-0.09750299780202926,-0.09724708442197146,-0.5686289228527702,-0.0002559133800578012,1032,-0.007820136852394917,2.4092809999274323,0
3.918794307999633,negative,-0.09750299780202926,-0.09724708442197146,0.0,-0.0002559133800578012,1032,-0.007820136852394917,2.072428000246873,0
3.9267947820007976,negative,-0.09750299780202926,-0.09724708442197146,0.0,-0.0002559133800578012,0,0.0,1.7395399991073646,0
3.9347950699993817,negative,-0.09750299780202926,-0.09724708442197146,0.0,-0.0002559133800578012,0,0.0,1.4063349990465213,0
3.943798563999735,negative,-0.09750299780202926,-0.09724708442197146,0.0,-0.0002559133800578012,0,0.0,2.076595999824349,0
3.951794742000857,negative,-0.09750299780202926,-0.09724708442197146,0.0,-0.0002559133800578012,0,0.0,1.7338540001219371,0
3.959793197000181,negative,-0.09750299780202926,-0.09724708442197146,0.0,-0.0002559133800578012,0,0.0,1.4043720002518967,0
3.968794190999688,negative,-0.09750299780202926,-0.09724708442197146,0.0,-0.0002559133800578012,0,0.0,2.072131999739213,0
3.976793830999668,negative,-0.09750299780202926,-0.09724708442197146,0.0,-0.0002559133800578012,0,0.0,1.7376129999320256,0
3.98579082499964,negative,-0.09750299780202926,-0.09724708442197146,0.0,-0.0002559133800578012,0,0.0,2.4010779998207,0
3.9937907439998526,negative,-0.09750299780202926,-0.09724708442197146,0.0,-0.0002559133800578012,0,0.0,2.0669660007115453,0
4.001791995000531,negative,-0.09750299780202926,-0.09212881682081506,0.6396834195955841,-0.005374180981214199,0,0.0,1.7366320007567992,0
4.009791468999538,negative,-0.09750299780202926,-0.09724708442197146,-0.6398255187518243,-0.0002559133800578012,0,0.0,1.4028360001248075,0
4.018788999999742,negative,-0.09750299780202926,-0.09724708442197146,0.0,-0.0002559133800578012,0,0.0,2.0670769990829285,0
4.026788917999511,negative,-0.09750299780202926,-0.09724708442197146,0.0,-0.0002559133800578012,0,0.0,1.7335950014967239,0
4.035788671000773,negative,-0.09750299780202926,-0.09724708442197146,0.0,-0.0002559133800578012,0,0.0,2.400040000793524,0
4.043791071000669,negative,-0.09750299780202926,-0.09724708442197146,0.0,-0.0002559133800578012,0,0.0,2.06892899950617,0
4.051791841000522,negative,-0.09750299780202926,-0.09724708442197146,0.0,-0.0002559133800578012,0,0.0,1.736262000122224,0
4.0607910199996695,negative,-0.09750299780202926,-0.09724708442197146,0.0,-0.0002559133800578012,48,0.0469208211143695,2.402336998784449,0
4.068791735000559,negative,-0.09750299780202926,-0.09724708442197146,0.0,-0.0002559133800578012,48,0.0469208211143695,2.0698360003734706,0
4.076791597999545,negative,-0.09750299780202926,-0.09212881682081506,0.6397944067048651,-0.005374180981214199,48,0.0469208211143695,1.7354089995933464,0
4.084791794000921,negative,-0.09750299780202926,-0.09724708442197146,-0.6397677757240025,-0.0002559133800578012,48,0.0469208211143695,1.402223999320995,0
4.093792436000513,negative,-0.09750299780202926,-0.09724708442197146,0.0,-0.0002559133800578012,48,0.0469208211143695,2.0696700012194924,0
4.101790762000746,negative,-0.09750299780202926,-0.09724708442197146,0.0,-0.0002559133800578012,48,0.0469208211143695,1.7353360017295927,0
4.110795014999894,negative,-0.09750299780202926,-0.09724708442197146,0.0,-0.0002559133800578012,48,0.0469208211143695,2.406114999757847,0
4.118794878000699,negative,-0.09750299780202926,-0.09724708442197146,0.0,-0.0002559133800578012,48,0.0469208211143695,2.072910998322186,0
4.1267938889996,negative,-0.09750299780202926,-0.09212881682081506,0.6398625532405783,-0.005374180981214199,48,0.0469208211143695,1.7386320014338708,0
4.1357963450009265,negative,-0.09750299780202926,-0.09724708442197146,-0.5685412514543136,-0.0002559133800578012,48,0.0469208211143695,2.4076890003925655,0
4.143796782000209,negative,-0.09750299780202926,-0.09724708442197146,0.0,-0.0002559133800578012,48,0.0469208211143695,2.0747250000567874,0
4.151796366999406,negative,-0.09750299780202926,-0.09724708442197146,0.0,-0.0002559133800578012,48,0.0469208211143695,1.7406510014552623,0
4.160795861000224,negative,-0.09750299780202926,-0.09724708442197146,0.0,-0.0002559133800578012,48,0.0469208211143695,2.4070210001809755,0
4.168796612999358,negative,-0.09750299780202926,-0.09724708442197146,0.0,-0.0002559133800578012,48,0.0469208211143695,2.0745399997394998,0
4.1767977719991904,negative,-0.09750299780202926,-0.09724708442197146,0.0,-0.0002559133800578012,48,0.0469208211143695,1.741428000968881,0
4.18579822799984,negative,-0.09750299780202926,-0.09724708442197146,0.0,-0.0002559133800578012,0,0.0,2.408819000265794,0
4.193797165000433,negative,-0.09750299780202926,-0.09724708442197146,0.0,-0.0002559133800578012,0,0.0,2.0736330006911885,0
4.201779360999353,negative,-0.09750299780202926,-0.09724708442197146,0.0,-0.0002559133800578012,0,0.0,1.7240759989363141,0
4.210799503000089,negative,-0.09750299780202926,-0.09724708442197146,0.0,-0.0002559133800578012,0,0.0,2.4108920006256085,0
4.218781218000004,negative,-0.09750299780202926,-0.09724708442197146,0.0,-0.0002559133800578012,0,0.0,2.0592250002664514,0
4.2267778030000045,negative,-0.09750299780202926,-0.09724708442197146,0.0,-0.0002559133800578012,0,0.0,1.7223909999302123,0
4.235778685999321,negative,-0.09750299780202926,-0.09724708442197146,0.0,-0.0002559133800578012,0,0.0,2.390040999671328,0
4.24377882599947,negative,-0.09750299780202926,-0.09724708442197146,0.0,-0.0002559133800578012,0,0.0,2.056780000202707,0
4.251779800000804,negative,-0.09750299780202926,-0.09724708442197146,0.0,-0.0002559133800578012,0,0.0,1.724575999105582,0
4.259774329999345,negative,-0.09750299780202926,-0.09724708442197146,0.0,-0.0002559133800578012,0,0.0,1.3850020004610997,0
4.268777805000354,negative,-0.09750299780202926,-0.09724708442197146,0.0,-0.0002559133800578012,0,0.0,2.0558180003718007,0
4.276775796999573,negative,-0.09750299780202926,-0.09212881682081506,0.6399440761701944,-0.005374180981214199,0,0.0,1.7196139997395221,0
4.285777032000624,negative,-0.09750299780202926,-0.09724708442197146,-0.5686183729853429,-0.0002559133800578012,0,0.0,2.3880770004325313,0
4.293777413000498,negative,-0.09750299780202926,-0.09724708442197146,0.0,-0.0002559133800578012,0,0.0,2.0541140002023894,0
4.301774535000732,negative,-0.09750299780202926,-0.09724708442197146,0.0,-0.0002559133800578012,0,0.0,1.7169100010505645,0
4.3107753439999215,negative,-0.09750299780202926,-0.09212881682081506,0.5686452852868157,-0.005374180981214199,0,0.0,2.385948000664939,0
4.318773132999922,negative,-0.09750299780202926,-0.09724708442197146,-0.6399603191776888,-0.0002559133800578012,0,0.0,2.0507429999270244,0
4.32677610599967,negative,-0.09750299780202926,-0.09724708442197146,0.0,-0.0002559133800578012,0,0.0,1.7198170007759472,0
4.335773119000805,negative,-0.09750299780202926,-0.09212881682081506,0.5688852067359021,-0.005374180981214199,0,0.0,2.3842070004320703,0
4.343775147999622,negative,-0.09750299780202926,-0.09724708442197146,-0.6396212263056146,-0.0002559133800578012,0,0.0,2.0496510005614255,0
4.3517744000000675,negative,-0.09750299780202926,-0.09724708442197146,0.0,-0.0002559133800578012,0,0.0,1.7170020000776276,0
4.360773652999342,negative,-0.09750299780202926,-0.09212881682081506,0.5687436058936454,-0.005374180981214199,0,0.0,2.384855999480351,0
4.3687735900002735,negative,-0.09750299780202926,-0.09724708442197146,-0.6397884884043747,-0.0002559133800578012,0,0.0,2.0516330005193595,0
4.376769286000126,negative,-0.09750299780202926,-0.09724708442197146,0.0,-0.0002559133800578012,0,0.0,1.713076000669389,0
4.385772558000099,negative,-0.09750299780202926,-0.09724708442197146,0.0,-0.0002559133800578012,0,0.0,2.383021999776247,0
4.393770328000755,negative,-0.09750299780202926,-0.09724708442197146,0.0,-0.0002559133800578012,0,0.0,2.0474470002227463,0
4.401770802000101,negative,-0.09750299780202926,-0.09724708442197146,0.0,-0.0002559133800578012,0,0.0,1.7153909993794514,0
4.41076859200075,negative,-0.09750299780202926,-0.09724708442197146,0.0,-0.0002559133800578012,0,0.0,2.3800769995432347,0
4.4187693250005395,negative,-0.09750299780202926,-0.09724708442197146,0.0,-0.0002559133800578012,0,0.0,2.0475030014495132,0
4.426766873000815,negative,-0.09750299780202926,-0.09212881682081506,0.6399796038710684,-0.005374180981214199,0,0.0,1.7114649999712128,0
4.435772015000111,negative,-0.09750299780202926,-0.09724708442197146,-0.5683716704918718,-0.0002559133800578012,0,0.0,2.3834660005377373,0
4.443768118000662,negative,-0.09750299780202926,-0.09724708442197146,0.0,-0.0002559133800578012,0,0.0,2.0465389989112737,0
4.451769073999458,negative,-0.09750299780202926,-0.09724708442197146,0.0,-0.0002559133800578012,48,0.0469208211143695,1.7136320002464345,0
4.460766864000107,negative,-0.09750299780202926,-0.09724708442197146,0.0,-0.0002559133800578012,48,0.0469208211143695,2.3782440002833027,0
4.468766670999685,negative,-0.09750299780202926,-0.09212881682081506,0.6397988853263964,-0.005374180981214199,48,0.0469208211143695,2.044872999249492,0
4.476767201000257,negative,-0.09750299780202926,-0.09212881682081506,0.0,-0.005374180981214199,48,0.0469208211143695,1.7112249988713302,0
4.485767767999278,negative,-0.09750299780202926,-0.09724708442197146,-0.5686605745741784,-0.0002559133800578012,48,0.0469208211143695,2.377003000219702,0
4.493763594000484,negative,-0.09750299780202926,-0.09724708442197146,0.0,-0.0002559133800578012,48,0.0469208211143695,2.041132000158541,0
4.50176527199983,negative,-0.09750299780202926,-0.09724708442197146,0.0,-0.0002559133800578012,48,0.0469208211143695,1.709780000965111,0
4.5107654690000345,negative,-0.09750299780202926,-0.09724708442197146,0.0,-0.0002559133800578012,48,0.0469208211143695,2.376892000029329,0
4.518762572999549,negative,-0.09750299780202926,-0.09724708442197146,0.0,-0.0002559133800578012,48,0.0469208211143695,2.0398360011313343,0
4.52676060200065,negative,-0.09750299780202926,-0.09724708442197146,0.0,-0.0002559133800578012,48,0.0469208211143695,1.7051320010068594,0
4.535761873999945,negative,-0.09750299780202926,-0.09724708442197146,0.0,-0.0002559133800578012,48,0.0469208211143695,2.3732440004096134,0
4.543762514000264,negative,-0.09750299780202926,-0.09724708442197146,0.0,-0.0002559133800578012,48,0.0469208211143695,2.0404469996719854,0
4.552763118999792,final,-0.010236535202312784,-0.09724708442197146,0.0,0.08701054921965867,48,0.0469208211143695,2.707577999899513,0
4.560763130000851,final,-0.010236535202312784,-0.09212881682081506,0.6397825703588453,0.08189228161850227,48,0.0469208211143695,2.371169999605627,0
4.568762529999731,final,-0.010236535202312784,-0.08701054921965867,0.6398314375919352,0.07677401401734589,48,0.0469208211143695,2.039168999544927,0
4.57676059699952,final,-0.010236535202312784,-0.07677401401734588,1.279876150397625,0.0665374788150331,48,0.0469208211143695,1.7042430008586962,0
4.585761330999958,final,-0.010236535202312784,-0.05630094361272031,2.274600094128997,0.04606440841040753,1160,-0.13294232649071358,2.370576999965124,0
4.593762804999642,final,-0.010236535202312784,-0.05118267601156392,0.6396655917845219,0.04094614080925114,1160,-0.13294232649071358,2.040131999820005,0
4.601758446000531,final,-0.010236535202312784,-0.04094614080925114,1.280264484257687,0.030709605606938355,1160,-0.13294232649071358,1.6948360007518204,0
4.610759458000757,final,-0.010236535202312784,-0.04094614080925114,0.0,0.030709605606938355,1160,-0.13294232649071358,2.370225000049686,0
4.618759987000885,final,-0.010236535202312784,-0.035827873208094746,0.6397411472509388,0.025591338005781963,1160,-0.13294232649071358,2.037854999798583,0
4.62675964600021,final,-0.010236535202312784,-0.030709605606938355,0.6398107221306188,0.020473070404625572,1160,-0.13294232649071358,1.70265099950484,0
4.63575630699961,final,-0.010236535202312784,-0.030709605606938355,0.0,0.020473070404625572,1160,-0.13294232649071358,2.366947999689728,0
4.643760540000585,final,-0.010236535202312784,-0.030709605606938355,0.0,0.020473070404625572,1160,-0.13294232649071358,2.038577000348596,0
4.651757310000903,final,-0.010236535202312784,-0.030709605606938355,0.0,0.020473070404625572,1160,-0.13294232649071358,1.7017979989759624,0
4.660756396999204,final,-0.010236535202312784,-0.030709605606938355,0.0,0.020473070404625572,1160,-0.13294232649071358,2.367466999203316,0
4.6687555740008975,final,-0.010236535202312784,-0.030709605606938355,0.0,0.020473070404625572,1160,-0.13294232649071358,2.0332809999672463,0
4.676755807000518,final,-0.010236535202312784,-0.030709605606938355,0.0,0.020473070404625572,1160,-0.13294232649071358,1.6997799993987428,0
4.685757523000575,final,-0.010236535202312784,-0.030709605606938355,0.0,0.020473070404625572,1160,-0.13294232649071358,2.368151001064689,0
4.693754571000682,final,-0.010236535202312784,-0.030709605606938355,0.0,0.020473070404625572,1160,-0.13294232649071358,2.0317620001151226,0
4.701753064000513,final,-0.010236535202312784,-0.02559133800578196,0.6399039920725103,0.015354802803469176,1160,-0.13294232649071358,1.6981499993562466,0
4.710753057999682,final,-0.010236535202312784,-0.02559133800578196,0.0,0.015354802803469176,16,0.015640273704789834,2.3645400015084306,0
4.718754124000043,final,-0.010236535202312784,-0.02559133800578196,0.0,0.015354802803469176,16,0.015640273704789834,2.032299000347848,0
4.726751357000467,final,-0.010236535202312784,-0.02559133800578196,0.0,0.015354802803469176,16,0.015640273704789834,1.6961510009423364,0
4.735754369999995,final,-0.010236535202312784,-0.02559133800578196,0.0,0.015354802803469176,16,0.015640273704789834,2.3631700005353196,0
4.74375486200006,final,-0.010236535202312784,-0.02559133800578196,0.0,0.015354802803469176,16,0.015640273704789834,2.0324479992268607,0
4.751751428999341,final,-0.010236535202312784,-0.02559133800578196,0.0,0.015354802803469176,16,0.015640273704789834,1.696205999905942,0
4.760756367000795,final,-0.010236535202312784,-0.02559133800578196,0.0,0.015354802803469176,16,0.015640273704789834,2.3673360010434408,0
4.768750174000161,final,-0.010236535202312784,-0.02559133800578196,0.0,0.015354802803469176,16,0.015640273704789834,2.0266510000510607,0
4.776753426000141,final,-0.010236535202312784,-0.02559133800578196,0.0,0.015354802803469176,16,0.015640273704789834,1.6982429988274816,0
4.785760160000791,final,-0.010236535202312784,-0.02559133800578196,0.0,0.015354802803469176,16,0.015640273704789834,2.371596001466969,0
4.793747966999945,final,-0.010236535202312784,-0.02559133800578196,0.0,0.015354802803469176,16,0.015640273704789834,2.024557999902754,0
4.801751033999608,final,-0.010236535202312784,-0.02559133800578196,0.0,0.015354802803469176,16,0.015640273704789834,1.6939469987846678,0
4.81075130499994,final,-0.010236535202312784,-0.02559133800578196,0.0,0.015354802803469176,16,0.015640273704789834,2.3617439983354416,0
4.818749205000131,final,-0.010236535202312784,-0.02559133800578196,0.0,0.015354802803469176,16,0.015640273704789834,2.027040000029956,0
4.826747937999244,final,-0.010236535202312784,-0.02559133800578196,0.0,0.015354802803469176,16,0.015640273704789834,1.6919469999265857,0
4.835749006000697,final,-0.010236535202312784,-0.02559133800578196,0.0,0.015354802803469176,16,0.015640273704789834,2.359854999667732,0
4.843748147000952,final,-0.010236535202312784,-0.02559133800578196,0.0,0.015354802803469176,1072,-0.0469208211143695,2.02542899933178,0
4.851748991000932,final,-0.010236535202312784,-0.02559133800578196,0.0,0.015354802803469176,1072,-0.0469208211143695,1.6932620001171017,0
4.86074413300048,final,-0.010236535202312784,-0.02559133800578196,0.0,0.015354802803469176,1072,-0.0469208211143695,2.3550589994556503,0
4.868745199999466,final,-0.010236535202312784,-0.02559133800578196,0.0,0.015354802803469176,1072,-0.0469208211143695,2.02292900030443,0
4.876745674000631,final,-0.010236535202312784,-0.02559133800578196,0.0,0.015354802803469176,1072,-0.0469208211143695,1.6892990006454056,0
4.885743185999672,final,-0.010236535202312784,-0.02559133800578196,0.0,0.015354802803469176,1072,-0.0469208211143695,2.3533000003226334,0
4.893742862999716,final,-0.010236535202312784,-0.02559133800578196,0.0,0.015354802803469176,1072,-0.0469208211143695,2.020631998675526,0
4.901741077999759,final,-0.010236535202312784,-0.02559133800578196,0.0,0.015354802803469176,1072,-0.0469208211143695,1.6856689999258379,0
4.910744572000112,final,-0.010236535202312784,-0.02559133800578196,0.0,0.015354802803469176,1072,-0.0469208211143695,2.3559469991596416,0
4.9187429350004095,final,-0.010236535202312784,-0.02559133800578196,0.0,0.015354802803469176,1072,-0.0469208211143695,2.0207990000926657,0
4.926741149000009,final,-0.010236535202312784,-0.02559133800578196,0.0,0.015354802803469176,1072,-0.0469208211143695,1.6857059999892954,0
4.935743088000891,final,-0.010236535202312784,-0.02559133800578196,0.0,0.015354802803469176,1072,-0.0469208211143695,2.354169999307487,0
4.943743006000659,final,-0.010236535202312784,-0.02559133800578196,0.0,0.015354802803469176,1072,-0.0469208211143695,2.0189469996694243,0
4.951768721000917,final,-0.010236535202312784,-0.02559133800578196,0.0,0.015354802803469176,1072,-0.0469208211143695,1.7137610011559445,0
4.9607435849993635,final,-0.010236535202312784,-0.02559133800578196,0.0,0.015354802803469176,1072,-0.0469208211143695,2.3395780008286238,0
4.968751725000402,final,-0.010236535202312784,-0.02559133800578196,0.0,0.015354802803469176,1072,-0.0469208211143695,2.0169110011920566,0
4.976738773000761,final,-0.010236535202312784,-0.02559133800578196,0.0,0.015354802803469176,1072,-0.0469208211143695,1.6773169991211034,0
4.985738303999824,final,-0.010236535202312784,-0.02559133800578196,0.0,0.015354802803469176,1072,-0.0469208211143695,2.3491519987146603,0
4.993736074000481,final,-0.010236535202312784,-0.02559133800578196,0.0,0.015354802803469176,1072,-0.0469208211143695,2.0141320001130225,0
5.001738900000419,final,-0.010236535202312784,-0.02559133800578196,0.0,0.015354802803469176,1072,-0.0469208211143695,1.682021000306122,0
5.010739301000285,final,-0.010236535202312784,-0.02559133800578196,0.0,0.015354802803469176,1072,-0.0469208211143695,2.3500219995185034,0
5.01873614500073,final,-0.010236535202312784,-0.02559133800578196,0.0,0.015354802803469176,1072,-0.0469208211143695,2.0137060000706697,0
5.0267363599996315,final,-0.010236535202312784,-0.02559133800578196,0.0,0.015354802803469176,1072,-0.0469208211143695,1.6801139991002856,0
5.03573716900064,final,-0.010236535202312784,-0.02559133800578196,0.0,0.015354802803469176,1072,-0.0469208211143695,2.348317999349092,0
5.0437375319997955,final,-0.010236535202312784,-0.02559133800578196,0.0,0.015354802803469176,1072,-0.0469208211143695,2.015059000768815,0
5.0517349870006,final,-0.010236535202312784,-0.02559133800578196,0.0,0.015354802803469176,1072,-0.0469208211143695,1.6795579995232401,0
5.060734943999705,final,-0.010236535202312784,-0.02559133800578196,0.0,0.015354802803469176,1072,-0.0469208211143695,2.337985000849585,0
5.068734972999664,final,-0.010236535202312784,-0.02559133800578196,0.0,0.015354802803469176,1072,-0.0469208211143695,2.0127809984842315,0
5.0767367989992636,final,-0.010236535202312784,-0.02559133800578196,0.0,0.015354802803469176,1072,-0.0469208211143695,1.6805020004539983,0
5.085732310999447,final,-0.010236535202312784,-0.02559133800578196,0.0,0.015354802803469176,1072,-0.0469208211143695,2.343151998502435,0
5.093731748000209,final,-0.010236535202312784,-0.02559133800578196,0.0,0.015354802803469176,1072,-0.0469208211143695,2.0087070006411523,0
5.101734796000528,final,-0.010236535202312784,-0.02559133800578196,0.0,0.015354802803469176,1072,-0.0469208211143695,1.678892000199994,0
5.110733142000754,final,-0.010236535202312784,-0.02559133800578196,0.0,0.015354802803469176,1072,-0.0469208211143695,2.3444849994120887,0
5.118731689999549,final,-0.010236535202312784,-0.02559133800578196,0.0,0.015354802803469176,1072,-0.0469208211143695,2.009632000408601,0
5.126730403999318,final,-0.010236535202312784,-0.02559133800578196,0.0,0.015354802803469176,1072,-0.0469208211143695,1.6748730013205204,0
5.135733139000877,final,-0.010236535202312784,-0.02559133800578196,0.0,0.015354802803469176,1072,-0.0469208211143695,2.3441510002157884,0
5.143732427999566,final,-0.010236535202312784,-0.02559133800578196,0.0,0.015354802803469176,1072,-0.0469208211143695,2.010429001529701,0
5.151728864000688,final,-0.010236535202312784,-0.02559133800578196,0.0,0.015354802803469176,1072,-0.0469208211143695,1.6735939989303006,0
5.160729432000153,final,-0.010236535202312784,-0.02559133800578196,0.0,0.015354802803469176,1072,-0.0469208211143695,2.3411700003634905,0
5.168729573000746,final,-0.010236535202312784,-0.02559133800578196,0.0,0.015354802803469176,1072,-0.0469208211143695,2.007613999012392,0
5.176729528000578,final,-0.010236535202312784,-0.02559133800578196,0.0,0.015354802803469176,1072,-0.0469208211143695,1.6734660002839519,0
5.185727059000783,final,-0.010236535202312784,-0.02559133800578196,0.0,0.015354802803469176,1072,-0.0469208211143695,2.337613999770838,0
5.1937276259996,final,-0.010236535202312784,-0.02559133800578196,0.0,0.015354802803469176,1072,-0.0469208211143695,2.0047069992870092,0
5.201727802999812,final,-0.010236535202312784,-0.02559133800578196,0.0,0.015354802803469176,1072,-0.0469208211143695,1.6723549997550435,0
5.210728333999214,final,-0.010236535202312784,-0.02559133800578196,0.0,0.015354802803469176,1072,-0.0469208211143695,2.3397069999191444,0
5.218725660000928,final,-0.010236535202312784,-0.02559133800578196,0.0,0.015354802803469176,1072,-0.0469208211143695,2.003576999413781,0
5.226726467000844,final,-0.010236535202312784,-0.02559133800578196,0.0,0.015354802803469176,1072,-0.0469208211143695,1.6711319985915907,0
5.23572666399923,final,-0.010236535202312784,-0.02559133800578196,0.0,0.015354802803469176,1072,-0.0469208211143695,2.3381139999401057,0
5.243726693999633,final,-0.010236535202312784,-0.02559133800578196,0.0,0.015354802803469176,1072,-0.0469208211143695,2.0044289994984865,0
5.2517240199995285,final,-0.010236535202312784,-0.02559133800578196,0.0,0.015354802803469176,1072,-0.0469208211143695,1.663261999055976,0
5.260724013000072,final,-0.010236535202312784,-0.02559133800578196,0.0,0.015354802803469176,1072,-0.0469208211143695,2.3348180002358276,0
5.268722765000348,final,-0.010236535202312784,-0.02559133800578196,0.0,0.015354802803469176,1072,-0.0469208211143695,2.000817999942228,0
5.276725072000772,final,-0.010236535202312784,-0.02559133800578196,0.0,0.015354802803469176,1072,-0.0469208211143695,1.6689650001353584,0
5.285745491999478,final,-0.010236535202312784,-0.02559133800578196,0.0,0.015354802803469176,1072,-0.0469208211143695,2.3570399989694124,0
5.293727632999435,final,-0.010236535202312784,-0.02559133800578196,0.0,0.015354802803469176,1072,-0.0469208211143695,2.0045219989697216,0
5.30172760700043,final,-0.010236535202312784,-0.02559133800578196,0.0,0.015354802803469176,1072,-0.0469208211143695,1.6702060001989594,0
5.310726989000614,final,-0.010236535202312784,-0.02559133800578196,0.0,0.015354802803469176,1072,-0.0469208211143695,2.3372249997919425,0
5.31872768500034,final,-0.010236535202312784,-0.02559133800578196,0.0,0.015354802803469176,1072,-0.0469208211143695,2.005336000365787,0
5.32672841800013,final,-0.010236535202312784,-0.02559133800578196,0.0,0.015354802803469176,1072,-0.0469208211143695,1.672094998866669,0
5.335729079000885,final,-0.010236535202312784,-0.02559133800578196,0.0,0.015354802803469176,1072,-0.0469208211143695,2.340467000976787,0
5.343728015999659,final,-0.010236535202312784,-0.02559133800578196,0.0,0.015354802803469176,1072,-0.0469208211143695,2.0054650012752973,0
